1stclosing,2ndclosing,3rdclosing,4thclosing,5thclosing,6thopening
171.08,170.6,170.57,175.01,175.01,174.87
170.6,170.57,175.01,175.01,174.35,175.03
170.57,175.01,175.01,174.35,174.54,174.88
175.01,175.01,174.35,174.54,176.42,173.63
175.01,174.35,174.54,176.42,173.87,172.4
174.35,174.54,176.42,173.87,172.22,172.5
174.54,176.42,173.87,172.22,172.27,172.15
176.42,173.87,172.22,172.27,171.7,169.2
173.87,172.22,172.27,171.7,172.67,170.49
172.22,172.27,171.7,172.67,169.37,169.03
172.27,171.7,172.67,169.37,169.452,167.5
171.7,172.67,169.37,169.452,169.01,169.06
172.67,169.37,169.452,169.01,169.64,172.48
169.37,169.452,169.01,169.64,169.8,169.95
169.452,169.01,169.64,169.8,171.05,170.43
169.01,169.64,169.8,171.05,171.85,172.63
169.64,169.8,171.05,171.85,169.48,174.3
169.8,171.05,171.85,169.48,173.07,175.05
171.05,171.85,169.48,173.07,174.09,175.1
171.85,169.48,173.07,174.09,174.97,173.36
169.48,173.07,174.09,174.97,174.96,170.78
173.07,174.09,174.97,174.96,173.14,170.29
174.09,174.97,174.96,173.14,169.98,171.04
174.97,174.96,173.14,169.98,170.15,171.18
174.96,173.14,169.98,170.15,171.1,169.97
173.14,169.98,170.15,171.1,169.08,173.04
169.98,170.15,171.1,169.08,171.34,173.5
170.15,171.1,169.08,171.34,173.97,175.11
171.1,169.08,171.34,173.97,174.67,175.11
169.08,171.34,173.97,174.67,175.88,173.91
171.34,173.97,174.67,175.88,174.81,172.365
173.97,174.67,175.88,174.81,174.25,174.0
174.67,175.88,174.81,174.25,172.5,167.64
175.88,174.81,174.25,172.5,168.11,169.87
174.81,174.25,172.5,168.11,166.89,167.9
174.25,172.5,168.11,166.89,169.04,163.89
172.5,168.11,166.89,169.04,166.72,159.29
168.11,166.89,169.04,166.72,163.05,157.23
166.89,169.04,166.72,163.05,157.41,156.91
169.04,166.72,163.05,157.41,156.405,156.29
166.72,163.05,157.41,156.405,157.1,156.89
163.05,157.41,156.405,157.1,156.17,156.61
157.41,156.405,157.1,156.17,156.16,156.75
156.405,157.1,156.17,156.16,155.98,160.42
157.1,156.17,156.16,155.98,159.76,159.78
156.17,156.16,155.98,159.76,160.47,157.9
156.16,155.98,159.76,160.47,159.88,156.73
155.98,159.76,160.47,159.88,156.99,156.35
159.76,160.47,159.88,156.99,156.0,155.97
160.47,159.88,156.99,156.0,156.55,156.055
159.88,156.99,156.0,156.55,155.9,155.81
156.99,156.0,156.55,155.9,155.84,154.97
156.0,156.55,155.9,155.84,155.3,154.18
156.55,155.9,155.84,155.3,155.39,153.63
155.9,155.84,155.3,155.39,153.4508,154.01
155.84,155.3,155.39,153.4508,154.48,154.26
155.3,155.39,153.4508,154.48,153.81,153.21
155.39,153.4508,154.48,153.81,154.12,153.89
153.4508,154.48,153.81,154.12,153.28,153.8
154.48,153.81,154.12,153.28,154.23,151.78
153.81,154.12,153.28,154.23,153.14,149.99
154.12,153.28,154.23,153.14,150.55,152.02
153.28,154.23,153.14,150.55,151.89,155.8
154.23,153.14,150.55,151.89,153.39,157.9
153.14,150.55,151.89,153.39,156.07,159.51
150.55,151.89,153.39,156.07,158.73,160.11
151.89,153.39,156.07,158.73,158.67,158.47
153.39,156.07,158.73,158.67,159.88,158.99
156.07,158.73,158.67,159.88,158.28,159.87
158.73,158.67,159.88,158.28,159.65,162.61
158.67,159.88,158.28,159.65,160.82,160.5
159.88,158.28,159.65,160.82,161.5,160.86
158.28,159.65,160.82,161.5,158.63,162.09
159.65,160.82,161.5,158.63,161.26,162.71
160.82,161.5,158.63,161.26,161.91,163.75
161.5,158.63,161.26,161.91,162.08,164.8
158.63,161.26,161.91,162.08,164.05,163.64
161.26,161.91,162.08,164.05,164.0,163.8
161.91,162.08,164.05,164.0,163.35,160.1
162.08,164.05,164.0,163.35,162.91,160.14
164.05,164.0,163.35,162.91,161.47,159.65
164.0,163.35,162.91,161.47,159.86,160.43
163.35,162.91,161.47,159.86,159.27,159.07
162.91,161.47,159.86,159.27,159.98,158.23
161.47,159.86,159.27,159.98,159.78,157.5
159.86,159.27,159.98,159.78,157.21,157.86
159.27,159.98,159.78,157.21,157.5,160.52
159.98,159.78,157.21,157.5,157.87,161.94
159.78,157.21,157.5,157.87,160.95,160.66
157.21,157.5,157.87,160.95,161.6,159.32
157.5,157.87,160.95,161.6,159.85,156.6
157.87,160.95,161.6,159.85,157.48,159.9
160.95,161.6,159.85,157.48,155.27,158.61642206543
161.6,159.85,157.48,155.27,160.40914817191,157.95908915972
159.85,157.48,155.27,160.40914817191,159.43310840282,155.43931302117
157.48,155.27,160.40914817191,159.43310840282,155.75801988454,156.41535279025
155.27,160.40914817191,159.43310840282,155.75801988454,154.94133354715,158.63634124439
160.40914817191,159.43310840282,155.75801988454,154.94133354715,156.50498909557,148.4974791533
159.43310840282,155.75801988454,154.94133354715,156.50498909557,149.44364015394,149.29424631174
155.75801988454,154.94133354715,156.50498909557,149.44364015394,148.24848941629,149.28428672226
154.94133354715,156.50498909557,149.44364015394,148.24848941629,148.89586273252,153.12868826171
156.50498909557,149.44364015394,148.24848941629,148.89586273252,149.95157921745,152.73030468249
149.44364015394,148.24848941629,148.89586273252,149.95157921745,152.83986016677,151.18656831302
148.24848941629,148.89586273252,149.95157921745,152.83986016677,152.12276972418,149.97149839641
148.89586273252,149.95157921745,152.83986016677,152.12276972418,151.47539640795,149.38388261706
149.95157921745,152.83986016677,152.12276972418,151.47539640795,149.66275112251,150.88778062861
152.83986016677,152.12276972418,151.47539640795,149.66275112251,149.73246824888,149.8719025016
152.12276972418,151.47539640795,149.66275112251,149.73246824888,150.40972033355,148.59707504811
151.47539640795,149.66275112251,149.73246824888,150.40972033355,149.47351892239,148.21861064785
149.66275112251,149.73246824888,150.40972033355,149.47351892239,148.9556202694,147.37204554201
149.73246824888,150.40972033355,149.47351892239,148.9556202694,148.43772161642,144.91202694035
150.40972033355,149.47351892239,148.9556202694,148.43772161642,147.17285375241,145.28053175112
149.47351892239,148.9556202694,148.43772161642,147.17285375241,145.15105708788,144.14513855035
148.9556202694,148.43772161642,147.17285375241,145.15105708788,144.94190570879,143.52764400257
148.43772161642,147.17285375241,145.15105708788,144.94190570879,144.47380500321,142.32253367543
147.17285375241,145.15105708788,144.94190570879,144.47380500321,143.59736112893,142.4420487492
145.15105708788,144.94190570879,144.47380500321,143.59736112893,142.15322065427,143.10934124439
144.94190570879,144.47380500321,143.59736112893,142.15322065427,143.5077248236,144.29453239256
144.47380500321,143.59736112893,142.15322065427,143.5077248236,142.92010904426,143.8662700449
143.59736112893,142.15322065427,143.5077248236,142.92010904426,143.43800769724,144.12521937139
142.15322065427,143.5077248236,142.92010904426,143.43800769724,143.09938165491,143.90610840282
143.5077248236,142.92010904426,143.43800769724,143.09938165491,145.2406933932,144.4240070558
142.92010904426,143.43800769724,143.09938165491,145.2406933932,143.15913919179,146.57527838358
143.43800769724,143.09938165491,145.2406933932,143.15913919179,145.23073380372,144.54352212957
143.09938165491,145.2406933932,143.15913919179,145.23073380372,145.75859204618,145.18093585632
145.2406933932,143.15913919179,145.23073380372,145.75859204618,145.04150160359,144.93194611931
143.15913919179,145.23073380372,145.75859204618,145.04150160359,145.28053175112,146.27649069917
145.23073380372,145.75859204618,145.04150160359,145.28053175112,144.4240070558,143.07946247595
145.75859204618,145.04150160359,145.28053175112,144.4240070558,145.7486324567,143.19897754971
145.04150160359,145.28053175112,144.4240070558,145.7486324567,141.69507953817,142.74083643361
145.28053175112,144.4240070558,145.7486324567,141.69507953817,143.70691661321,146.90394483643
144.4240070558,145.7486324567,141.69507953817,143.70691661321,144.57340089801,146.5653187941
145.7486324567,141.69507953817,143.70691661321,144.57340089801,145.99762219371,145.15105708788
141.69507953817,143.70691661321,144.57340089801,145.99762219371,144.7327543297,154.56286914689
143.70691661321,144.57340089801,145.99762219371,144.7327543297,148.37796407954,154.62262668377
144.57340089801,145.99762219371,144.7327543297,148.37796407954,154.36367735728,154.39355612572
145.99762219371,144.7327543297,148.37796407954,154.36367735728,154.74214175754,153.27808210391
144.7327543297,148.37796407954,154.36367735728,154.74214175754,153.82585952534,153.71630404105
148.37796407954,154.36367735728,154.74214175754,153.82585952534,153.30796087235,152.95937524054
154.36367735728,154.74214175754,153.82585952534,153.30796087235,154.82181847338,152.55103207184
154.74214175754,153.82585952534,153.30796087235,154.82181847338,152.56099166132,153.34779923028
153.82585952534,153.30796087235,154.82181847338,152.56099166132,152.14268890314,152.80002180885
153.30796087235,154.82181847338,152.56099166132,152.14268890314,153.04901154586,153.37767799872
154.82181847338,152.56099166132,152.14268890314,153.04901154586,152.98925400898,153.10876908275
152.56099166132,152.14268890314,153.04901154586,152.98925400898,153.24820333547,153.21832456703
152.14268890314,153.04901154586,152.98925400898,153.24820333547,152.72034509301,154.27404105196
153.04901154586,152.98925400898,153.24820333547,152.72034509301,153.17848620911,153.37767799872
152.98925400898,153.24820333547,152.72034509301,153.17848620911,153.36771840924,152.76018345093
153.24820333547,152.72034509301,153.17848620911,153.36771840924,152.34188069275,150.65871007056
152.72034509301,153.17848620911,153.36771840924,152.34188069275,151.92357793457,152.9792944195
153.17848620911,153.36771840924,152.34188069275,151.92357793457,149.64283194355,155.30983835792
153.36771840924,152.34188069275,151.92357793457,149.64283194355,154.84173765234,155.37955548428
152.34188069275,151.92357793457,149.64283194355,154.84173765234,155.07080821039,154.07484926235
151.92357793457,149.64283194355,154.84173765234,155.07080821039,155.46919178961,151.83394162925
149.64283194355,154.84173765234,155.07080821039,155.46919178961,153.32788005131,152.3855751862
154.84173765234,155.07080821039,155.46919178961,153.32788005131,152.01857223874,152.62363115213
155.07080821039,155.46919178961,153.32788005131,152.01857223874,152.71290213935,147.82283583935
155.46919178961,153.32788005131,152.01857223874,152.71290213935,151.76067827566,145.57122316167
153.32788005131,152.01857223874,152.71290213935,151.76067827566,147.75340284929,145.33316719575
152.01857223874,152.71290213935,151.76067827566,147.75340284929,145.34308619433,144.4107003278
152.71290213935,151.76067827566,147.75340284929,145.34308619433,145.86879311907,146.34490505092
151.76067827566,147.75340284929,145.34308619433,145.86879311907,146.31514805518,143.92466939737
147.75340284929,145.34308619433,145.86879311907,146.31514805518,145.41251918439,142.92285054078
145.34308619433,145.86879311907,146.31514805518,145.41251918439,142.48641460326,142.75670731456
145.86879311907,146.31514805518,145.41251918439,142.48641460326,142.62528058338,143.29977248683
146.31514805518,145.41251918439,142.48641460326,142.62528058338,142.48720812314,142.74430856634
145.41251918439,142.48641460326,142.62528058338,142.48720812314,143.36920547689,142.33762962455
142.48641460326,142.62528058338,142.48720812314,143.36920547689,142.47649560468,141.28621577506
142.62528058338,142.48720812314,143.36920547689,142.47649560468,141.1175927992,140.07609794829
142.48720812314,143.36920547689,142.47649560468,141.1175927992,141.28621577506,140.73075185458
143.36920547689,142.47649560468,141.1175927992,141.28621577506,139.54047202496,140.26455892131
142.47649560468,141.1175927992,141.28621577506,139.54047202496,140.05625995113,140.33399191137
141.1175927992,141.28621577506,139.54047202496,140.05625995113,140.68115686168,140.76050885032
141.28621577506,139.54047202496,140.05625995113,140.68115686168,139.90747497243,140.45301989433
139.54047202496,140.05625995113,140.68115686168,139.90747497243,140.65139986594,141.78216570407
140.05625995113,140.68115686168,139.90747497243,140.65139986594,140.48277689007,142.43681961036
140.68115686168,139.90747497243,140.65139986594,140.48277689007,142.01030267141,142.5657665919
139.90747497243,140.65139986594,140.48277689007,142.01030267141,142.17892564727,143.12123051238
140.65139986594,140.48277689007,142.01030267141,142.17892564727,142.49633360184,143.05179752232
140.48277689007,142.01030267141,142.17892564727,142.49633360184,142.85341755072,142.08965466005
142.01030267141,142.17892564727,142.49633360184,142.85341755072,143.59734244423,142.54592859474
142.17892564727,142.49633360184,142.85341755072,143.59734244423,142.53600959616,142.55584759332
142.49633360184,142.85341755072,143.59734244423,142.53600959616,142.49633360184,143.02204052658
142.85341755072,143.59734244423,142.53600959616,142.49633360184,142.7641465635,142.516171599
143.59734244423,142.53600959616,142.49633360184,142.7641465635,142.95260753652,139.76860899231
142.53600959616,142.49633360184,142.7641465635,142.95260753652,142.63519958196,138.26092120813
142.49633360184,142.7641465635,142.95260753652,142.63519958196,139.73885199657,140.35382990853
142.7641465635,142.95260753652,142.63519958196,139.73885199657,139.50079603064,140.11577394261
142.95260753652,142.63519958196,139.73885199657,139.50079603064,139.77852799089,138.71223564353
142.63519958196,139.73885199657,139.50079603064,139.77852799089,140.27447791989,140.95888882192
139.73885199657,139.50079603064,139.77852799089,140.27447791989,138.70727614424,139.26274006472
139.50079603064,139.77852799089,140.27447791989,138.70727614424,140.31415391421,139.85787997953
139.77852799089,140.27447791989,138.70727614424,140.31415391421,138.85606112294,139.58014801928
140.27447791989,138.70727614424,140.31415391421,138.85606112294,139.55039102354,138.28075920529
138.70727614424,140.31415391421,138.85606112294,139.55039102354,139.3222540562,138.17165022091
140.31415391421,138.85606112294,139.55039102354,139.3222540562,137.86416126493,137.7252952848
138.85606112294,139.55039102354,139.3222540562,137.86416126493,138.07246023511,138.12205522801
139.55039102354,139.3222540562,137.86416126493,138.07246023511,138.01294624363,137.61618630042
139.3222540562,137.86416126493,138.07246023511,138.01294624363,137.55667230894,137.82448527061
137.86416126493,138.07246023511,138.01294624363,137.55667230894,137.87408026351,137.93359425499
138.07246023511,138.01294624363,137.55667230894,137.87408026351,138.38986818967,138.23612371168
138.01294624363,137.55667230894,137.87408026351,138.38986818967,138.21132621523,137.65586229474
137.55667230894,137.87408026351,138.38986818967,138.21132621523,138.64776215275,138.86598012152
137.87408026351,138.38986818967,138.21132621523,138.64776215275,137.83440426919,136.77307142111
138.38986818967,138.21132621523,138.64776215275,137.83440426919,138.65768115133,135.96963253613
138.21132621523,138.64776215275,137.83440426919,138.65768115133,135.8803615489,136.02914652761
138.64776215275,137.83440426919,138.65768115133,135.8803615489,135.82084755742,134.80910970225
137.83440426919,138.65768115133,135.8803615489,135.82084755742,135.55303459576,136.26720249353
138.65768115133,135.8803615489,135.82084755742,135.55303459576,135.42408761422,135.32489762842
135.8803615489,135.82084755742,135.55303459576,135.42408761422,135.99938953187,135.12651765682
135.82084755742,135.55303459576,135.42408761422,135.99938953187,135.59271059008,134.00567081726
135.55303459576,135.42408761422,135.99938953187,135.59271059008,134.62064872923,134.57105373633
135.42408761422,135.99938953187,135.59271059008,134.62064872923,134.24868628248,134.42226875763
135.99938953187,135.59271059008,134.62064872923,134.24868628248,134.41234975905,132.38887404871
135.59271059008,134.62064872923,134.24868628248,134.41234975905,133.92631882862,132.00203310408
134.62064872923,134.24868628248,134.41234975905,133.92631882862,132.21033207426,131.38705519212
134.24868628248,134.41234975905,133.92631882862,132.21033207426,131.04980924039,130.58361630713
134.41234975905,133.92631882862,132.21033207426,131.04980924039,131.34737919779,129.72763559388
133.92631882862,132.21033207426,131.04980924039,131.34737919779,130.40911308577,128.92764027732
132.21033207426,131.04980924039,131.34737919779,130.40911308577,129.9054123309,127.53505583737
131.04980924039,131.34737919779,130.40911308577,129.9054123309,128.68072814257,126.72518403541
131.34737919779,130.40911308577,129.9054123309,128.68072814257,127.48567341042,126.39432177485
130.40911308577,129.9054123309,128.68072814257,127.48567341042,126.94246671398,125.46099390553
129.9054123309,128.68072814257,127.48567341042,126.94246671398,127.15974939256,119.65362049637
128.68072814257,127.48567341042,126.94246671398,127.15974939256,119.85115020417,119.4363378178
127.48567341042,126.94246671398,127.15974939256,119.85115020417,120.12769179508,120.63139254996
126.94246671398,127.15974939256,119.85115020417,120.12769179508,120.44373932755,120.16719773664
127.15974939256,119.85115020417,120.12769179508,120.44373932755,120.43386284216,118.93263706293
119.85115020417,120.12769179508,120.44373932755,120.43386284216,120.37460392982,118.07338283402
120.12769179508,120.44373932755,120.43386284216,120.37460392982,118.48819522039,118.51782467656
120.44373932755,120.43386284216,120.37460392982,118.48819522039,118.59683655968,118.96226651909
120.43386284216,120.37460392982,118.48819522039,118.59683655968,118.51782467656,117.92523555317
120.37460392982,118.48819522039,118.59683655968,118.51782467656,118.30054199798,118.51782467656
118.48819522039,118.59683655968,118.51782467656,118.30054199798,118.50794819117,116.87832810187
118.59683655968,118.51782467656,118.30054199798,118.50794819117,118.51782467656,117.63881747687
118.51782467656,118.30054199798,118.50794819117,118.51782467656,117.56968207915,117.42647304099
118.30054199798,118.50794819117,118.51782467656,117.56968207915,117.77708827233,117.27338751745
118.50794819117,118.51782467656,117.56968207915,117.77708827233,118.27091254181,117.30301697362
118.51782467656,117.56968207915,117.77708827233,118.27091254181,117.63881747687,116.49314517167
117.56968207915,117.77708827233,118.27091254181,117.63881747687,117.5202996522,115.33759638107
117.77708827233,118.27091254181,117.63881747687,117.5202996522,116.45363923011,114.48821863755
118.27091254181,117.63881747687,117.5202996522,116.45363923011,115.16969612944,114.41908323983
117.63881747687,117.5202996522,116.45363923011,115.16969612944,114.58698349145,114.36970081288
117.5202996522,116.45363923011,115.16969612944,114.58698349145,114.71537780152,115.209202071
116.45363923011,115.16969612944,114.58698349145,114.71537780152,114.38945378366,115.01167236321
115.16969612944,114.58698349145,114.71537780152,114.38945378366,115.28821395412,116.06845629991
114.58698349145,114.71537780152,114.38945378366,115.28821395412,115.31784341029,115.08080776094
114.71537780152,114.38945378366,115.28821395412,115.31784341029,115.81166767978,114.16229461969
114.38945378366,115.28821395412,115.31784341029,115.81166767978,115.08080776094,114.91290750931
115.28821395412,115.31784341029,115.81166767978,115.08080776094,114.85364859697,115.35734935185
115.31784341029,115.81166767978,115.08080776094,114.85364859697,115.61413797198,115.29809043951
115.81166767978,115.08080776094,114.85364859697,115.61413797198,115.50549663269,114.36970081288
115.08080776094,114.85364859697,115.61413797198,115.50549663269,115.19932558561,115.03142533399
114.85364859697,115.61413797198,115.50549663269,115.19932558561,114.5376010645,113.95488842651
115.61413797198,115.50549663269,115.19932558561,114.5376010645,114.38945378366,113.61908792326
115.50549663269,115.19932558561,114.5376010645,114.38945378366,113.76723520411,112.43390967649
115.19932558561,114.5376010645,114.38945378366,113.76723520411,113.76723520411,111.89070298006
114.5376010645,114.38945378366,113.76723520411,113.76723520411,111.90057946545,110.92280741187
114.38945378366,113.76723520411,113.76723520411,111.90057946545,112.54255101578,109.49071703036
113.76723520411,113.76723520411,111.90057946545,112.54255101578,110.73515418946,107.91047936801
113.76723520411,111.90057946545,112.54255101578,110.73515418946,109.65861728198,108.14751501736
111.90057946545,112.54255101578,110.73515418946,109.65861728198,108.5919568599,108.64133928684
112.54255101578,110.73515418946,109.65861728198,108.5919568599,107.76233208716,107.8215909995
110.73515418946,109.65861728198,108.5919568599,107.76233208716,108.54257443295,109.00183100357
109.65861728198,108.5919568599,107.76233208716,108.54257443295,108.13763853197,110.18207100764
108.5919568599,107.76233208716,108.54257443295,108.13763853197,109.15491652711,109.41170514724
107.76233208716,108.54257443295,108.13763853197,109.15491652711,110.08330615374,110.05367669757
108.54257443295,108.13763853197,109.15491652711,110.08330615374,110.19194749303,109.75738213588
108.13763853197,109.15491652711,110.08330615374,110.19194749303,110.4092301716,109.98454129985
109.15491652711,110.08330615374,110.19194749303,110.4092301716,109.85614698978,110.56725393784
110.08330615374,110.19194749303,110.4092301716,109.85614698978,110.41910665699,108.75985711152
110.19194749303,110.4092301716,109.85614698978,110.41910665699,110.34997125926,108.36479769593
110.4092301716,109.85614698978,110.41910665699,110.34997125926,108.70059819918,108.45368606444
109.85614698978,110.41910665699,110.34997125926,108.70059819918,108.5919568599,105.38209910824
110.41910665699,110.34997125926,108.70059819918,108.5919568599,108.63146280145,105.25370479817
110.34997125926,108.70059819918,108.5919568599,108.63146280145,105.78703500922,105.9944412024
108.70059819918,108.5919568599,108.63146280145,105.78703500922,104.40432705466,105.59938178681
108.5919568599,108.63146280145,105.78703500922,104.40432705466,107.09073108066,109.71787619432
108.63146280145,105.78703500922,104.40432705466,107.09073108066,106.45863601572,108.52282146217
105.78703500922,104.40432705466,107.09073108066,106.45863601572,109.51047000114,108.94751033393
104.40432705466,107.09073108066,106.45863601572,109.51047000114,109.68824673815,108.72035116996
107.09073108066,106.45863601572,109.51047000114,109.68824673815,109.04627518782,107.18949593456
106.45863601572,109.51047000114,109.68824673815,109.04627518782,107.49566698164,109.60923485504
109.51047000114,109.68824673815,109.04627518782,107.49566698164,108.47343903522,109.45598830184
109.68824673815,109.04627518782,107.49566698164,108.47343903522,109.6426726625,111.48003979109
109.04627518782,107.49566698164,108.47343903522,109.6426726625,109.54441773584,111.66672415175
107.49566698164,108.47343903522,109.6426726625,109.54441773584,111.55864373242,111.8828849904
108.47343903522,109.6426726625,109.54441773584,111.55864373242,111.73550260041,113.37635987567
109.6426726625,109.54441773584,111.55864373242,111.73550260041,112.48224004304,112.31520666772
109.54441773584,111.55864373242,111.73550260041,112.48224004304,113.57286972899,115.89168599823
111.55864373242,111.73550260041,112.48224004304,113.57286972899,116.18645077821,115.0565191216
111.73550260041,112.48224004304,113.57286972899,116.18645077821,115.59692121824,114.77157983428
112.48224004304,113.57286972899,116.18645077821,115.59692121824,114.56524448828,114.82070729761
113.57286972899,116.18645077821,115.59692121824,114.56524448828,115.01721715093,115.20390151159
116.18645077821,115.59692121824,114.56524448828,115.01721715093,115.07617010693,116.11767232955
115.59692121824,114.56524448828,115.01721715093,115.07617010693,115.42006235025,115.28250545292
114.56524448828,115.01721715093,115.07617010693,115.42006235025,115.49866629158,115.82290754956
115.01721715093,115.07617010693,115.42006235025,115.49866629158,115.57727023291,114.75192884894
115.07617010693,115.42006235025,115.49866629158,115.57727023291,114.9386132096,115.30215643825
115.42006235025,115.49866629158,115.57727023291,114.9386132096,115.29233094559,115.64604868157
115.49866629158,115.57727023291,114.9386132096,115.29233094559,114.2704797083,113.01281664702
115.57727023291,114.9386132096,115.29233094559,114.2704797083,114.02484239164,112.31520666772
114.9386132096,115.29233094559,114.2704797083,114.02484239164,112.06956935106,111.71585161508
115.29233094559,114.2704797083,114.02484239164,112.06956935106,111.90253597573,111.42108683509
114.2704797083,114.02484239164,112.06956935106,111.90253597573,111.07719459177,111.08702008444
114.02484239164,112.06956935106,111.90253597573,111.07719459177,111.02806712844,110.74312784112
112.06956935106,111.90253597573,111.07719459177,111.02806712844,110.55644348046,110.49749052446
111.90253597573,111.07719459177,111.02806712844,110.55644348046,111.07719459177,111.1852750111
111.07719459177,111.02806712844,110.55644348046,111.07719459177,110.22237672981,111.70602612241
111.02806712844,110.55644348046,111.07719459177,110.22237672981,111.96148893173,111.02806712844
110.55644348046,111.07719459177,110.22237672981,111.96148893173,111.11649656244,109.69180012583
111.07719459177,110.22237672981,111.96148893173,111.11649656244,110.91016121645,112.42328708705
110.22237672981,111.96148893173,111.11649656244,110.91016121645,110.74312784112,112.35450863838
111.96148893173,111.11649656244,110.91016121645,110.74312784112,112.61979694037,111.86323400507
111.11649656244,110.91016121645,110.74312784112,112.61979694037,111.56846922508,111.07719459177
110.91016121645,110.74312784112,112.61979694037,111.56846922508,111.58812021042,113.17985002235
110.74312784112,112.61979694037,111.56846922508,111.58812021042,111.59794570308,113.11107157368
112.61979694037,111.56846922508,111.58812021042,111.59794570308,112.91456172036,111.87305949774
111.56846922508,111.58812021042,111.59794570308,112.91456172036,113.55321874366,106.83258175996
111.58812021042,111.59794570308,112.91456172036,113.55321874366,109.81953153049,105.63387165468
111.59794570308,112.91456172036,113.55321874366,109.81953153049,106.06619333199,100.85868221889
112.91456172036,113.55321874366,109.81953153049,106.06619333199,103.59999467277,102.81395525947
113.55321874366,109.81953153049,106.06619333199,103.59999467277,101.33030586687,105.37840884536
109.81953153049,106.06619333199,103.59999467277,101.33030586687,103.6785986141,105.94828742
106.06619333199,103.59999467277,101.33030586687,103.6785986141,106.46903853131,106.01706586866
103.59999467277,101.33030586687,103.6785986141,106.46903853131,105.82055601534,105.82055601534
101.33030586687,103.6785986141,106.46903853131,105.82055601534,105.85003249333,104.2877791594
103.6785986141,106.46903853131,105.82055601534,105.85003249333,104.86748322671,103.81615551142
106.46903853131,105.82055601534,105.85003249333,104.86748322671,104.24847718874,103.95371240875
105.82055601534,105.85003249333,104.86748322671,104.24847718874,104.15022226208,104.75940280738
105.85003249333,104.86748322671,104.24847718874,104.15022226208,104.95591266071,105.53561672802
104.86748322671,104.24847718874,104.15022226208,104.95591266071,105.0738185727,105.51596574268
104.24847718874,104.15022226208,104.95591266071,105.0738185727,105.69282461068,106.67046113097
104.15022226208,104.95591266071,105.0738185727,105.69282461068,106.14479727332,106.69502486263
104.95591266071,105.0738185727,105.69282461068,106.14479727332,106.95048767195,106.96031316462
105.0738185727,105.69282461068,106.14479727332,106.95048767195,106.6164209213,106.87188373062
105.69282461068,106.14479727332,106.95048767195,106.6164209213,107.45158779793,107.32385639327
106.14479727332,106.95048767195,106.6164209213,107.45158779793,107.17647400328,107.19612498861
106.95048767195,106.6164209213,107.45158779793,107.17647400328,107.3140309006,107.71687609992
106.6164209213,107.45158779793,107.17647400328,107.3140309006,107.47123878326,106.25287769265
107.45158779793,107.17647400328,107.3140309006,107.47123878326,107.56949370993,105.89915995667
107.17647400328,107.3140309006,107.47123878326,107.56949370993,106.29217966332,106.62624641397
107.3140309006,107.47123878326,107.56949370993,106.29217966332,106.04654234666,106.81293077463
107.47123878326,107.56949370993,106.29217966332,106.04654234666,106.11532079532,106.34130712665
107.56949370993,106.29217966332,106.04654234666,106.11532079532,106.91118570129,105.64369714734
106.29217966332,106.04654234666,106.11532079532,106.91118570129,106.47886402397,104.41551056406
106.04654234666,106.11532079532,106.91118570129,106.47886402397,105.60439517668,103.73755157009
106.11532079532,106.91118570129,106.47886402397,105.60439517668,104.02249085742,102.42951208912
106.91118570129,106.47886402397,105.60439517668,104.02249085742,103.38725392527,103.64134869813
106.47886402397,105.60439517668,104.02249085742,103.38725392527,102.10700718511,102.03859705395
105.60439517668,104.02249085742,103.38725392527,102.10700718511,103.64134869813,101.82359378461
104.02249085742,103.38725392527,102.10700718511,103.64134869813,101.84313953637,100.49448266505
103.38725392527,102.10700718511,103.64134869813,101.84313953637,101.9701869228,101.89689035371
102.10700718511,103.64134869813,101.84313953637,101.9701869228,100.6117571756,94.620984261696
103.64134869813,101.84313953637,101.9701869228,100.6117571756,94.47439112351,96.018505512411
101.84313953637,101.9701869228,100.6117571756,94.47439112351,95.129173807411,97.005565976203
101.9701869228,100.6117571756,94.47439112351,95.129173807411,96.419193423456,97.562619901313
100.6117571756,94.47439112351,95.129173807411,96.419193423456,97.171704866148,97.728758791258
94.47439112351,95.129173807411,96.419193423456,97.171704866148,97.689667287742,97.298752252577
95.129173807411,96.419193423456,97.171704866148,97.689667287742,97.60171140483,96.458284926972
96.419193423456,97.171704866148,97.689667287742,97.60171140483,97.562619901313,96.673288196313
97.171704866148,97.689667287742,97.60171140483,97.562619901313,96.536467934005,95.178038186807
97.689667287742,97.60171140483,97.562619901313,96.536467934005,96.546240809884,95.197583938565
97.60171140483,97.562619901313,96.536467934005,96.546240809884,94.669848641092,94.963034917466
97.562619901313,96.536467934005,96.546240809884,94.669848641092,95.207356814444,94.552574130543
96.536467934005,96.546240809884,94.669848641092,95.207356814444,94.777350275762,94.298479357685
96.546240809884,94.669848641092,95.207356814444,94.777350275762,94.484163999389,93.526422163234
94.669848641092,95.207356814444,94.777350275762,94.484163999389,93.760971184333,92.45140581653
95.207356814444,94.777350275762,94.484163999389,93.760971184333,93.360283273289,93.223463010981
94.777350275762,94.484163999389,93.760971184333,93.360283273289,92.832547975816,93.321191769773
94.484163999389,93.760971184333,93.360283273289,92.832547975816,93.712106804938,92.295039802464
93.760971184333,93.360283273289,92.832547975816,93.712106804938,93.428693404443,91.835714636146
93.360283273289,92.832547975816,93.712106804938,93.428693404443,92.255948298948,90.790016917079
92.832547975816,93.712106804938,93.428693404443,92.255948298948,91.464345352739,90.88774567587
93.712106804938,93.428693404443,92.255948298948,91.464345352739,89.949549591474,90.799789792958
93.428693404443,92.255948298948,91.464345352739,89.949549591474,91.278660711035,93.760971184333
92.255948298948,91.464345352739,89.949549591474,91.278660711035,93.917337198399,94.063930336586
91.464345352739,89.949549591474,91.278660711035,93.917337198399,93.379829025047,92.783683596421
89.949549591474,91.278660711035,93.917337198399,93.379829025047,93.731652556696,93.819608439608
91.278660711035,93.917337198399,93.379829025047,93.731652556696,92.940049610487,94.425526744114
93.917337198399,93.379829025047,93.731652556696,92.940049610487,93.164825755707,94.259387854169
93.379829025047,93.731652556696,92.940049610487,93.164825755707,95.334404200873,95.598271849609
93.731652556696,92.940049610487,93.164825755707,95.334404200873,94.933716289828,95.109628055653
92.940049610487,93.164825755707,95.334404200873,94.933716289828,95.24644831796,96.448512051093
93.164825755707,95.334404200873,94.933716289828,95.24644831796,95.129173807411,96.292146037027
95.334404200873,94.933716289828,95.24644831796,95.129173807411,96.585332313401,96.26282740939
94.933716289828,95.24644831796,95.129173807411,96.585332313401,97.386708135489,96.771016955104
95.24644831796,95.129173807411,96.585332313401,97.386708135489,96.692833948071,96.995793100324
95.129173807411,96.585332313401,97.386708135489,96.692833948071,96.780789830983,95.764410739554
96.585332313401,97.386708135489,96.692833948071,96.780789830983,96.389874795818,95.568953221972
97.386708135489,96.692833948071,96.780789830983,96.389874795818,95.6960006084,95.383268580268
96.692833948071,96.780789830983,96.389874795818,95.6960006084,95.500543090818,96.771016955104
96.780789830983,96.389874795818,95.6960006084,95.500543090818,96.223735905873,97.337843756093
96.389874795818,95.6960006084,95.500543090818,96.223735905873,97.591938528951,97.181477742027
95.6960006084,95.500543090818,96.223735905873,97.591938528951,98.070809447028,97.416026763126
95.500543090818,96.223735905873,97.591938528951,98.070809447028,98.129446702303,96.428966299335
96.223735905873,97.591938528951,98.070809447028,98.129446702303,97.357389507852,95.011899296861
97.591938528951,98.070809447028,98.129446702303,97.357389507852,95.676454856642,93.692561053179
98.070809447028,98.129446702303,97.357389507852,95.676454856642,94.23984210241,92.490497320047
98.129446702303,97.357389507852,95.676454856642,94.23984210241,93.057324121036,92.490497320047
97.357389507852,95.676454856642,94.23984210241,93.057324121036,92.060490781365,92.021399277849
95.676454856642,94.23984210241,93.057324121036,92.060490781365,92.412314313014,92.402541437135
94.23984210241,93.057324121036,92.060490781365,92.412314313014,91.366616593947,90.291600247244
93.057324121036,92.060490781365,92.412314313014,91.366616593947,91.747758753233,87.955882912133
92.060490781365,92.412314313014,91.366616593947,91.747758753233,88.464072457847,90.614105151255
92.412314313014,91.366616593947,91.747758753233,88.464072457847,88.288160692023,91.356843718068
91.366616593947,91.747758753233,88.464072457847,88.288160692023,90.408874757793,91.210250579881
91.747758753233,88.464072457847,88.288160692023,90.408874757793,91.298206462794,90.88774567587
88.464072457847,88.288160692023,90.408874757793,91.298206462794,90.682515282409,91.249342083398
88.288160692023,90.408874757793,91.298206462794,90.682515282409,90.614105151255,91.865033263783
90.408874757793,91.298206462794,90.682515282409,90.614105151255,91.122294696969,92.472470473846
91.298206462794,90.682515282409,90.614105151255,91.122294696969,91.491407499281,91.501120994079
90.682515282409,90.614105151255,91.122294696969,91.491407499281,92.453043484251,91.272853866333
90.614105151255,91.122294696969,91.491407499281,92.453043484251,90.957165285409,91.297137603327
91.122294696969,91.491407499281,92.453043484251,90.957165285409,91.054300233386,94.813422720085
91.491407499281,92.453043484251,90.957165285409,91.054300233386,92.113071166332,93.24955005766
92.453043484251,90.957165285409,91.054300233386,92.113071166332,95.017406110836,100.93292444262
90.957165285409,91.054300233386,92.113071166332,95.017406110836,101.36031821372,101.99169537557
91.054300233386,92.113071166332,95.017406110836,101.36031821372,102.06940333395,102.00140887036
92.113071166332,95.017406110836,101.36031821372,102.06940333395,102.65221302181,103.86639987152
95.017406110836,101.36031821372,102.06940333395,102.65221302181,102.93390437094,103.58470852238
101.36031821372,102.06940333395,102.65221302181,102.93390437094,104.06066976747,104.7891818773
102.06940333395,102.65221302181,102.93390437094,104.06066976747,103.84697288192,105.77024485186
102.65221302181,102.93390437094,104.06066976747,103.84697288192,104.40064208539,108.89799017671
102.93390437094,104.06066976747,103.84697288192,104.40064208539,106.70274035244,108.42202893162
104.06066976747,103.84697288192,104.40064208539,106.70274035244,108.88827668191,107.62552235822
103.84697288192,104.40064208539,106.70274035244,108.88827668191,108.82999571313,106.20735211776
104.40064208539,106.70274035244,108.88827668191,108.82999571313,107.2758365455,105.84795281024
106.70274035244,108.88827668191,108.82999571313,107.2758365455,105.89652028423,105.78967184146
108.88827668191,108.82999571313,107.2758365455,105.89652028423,105.54683447151,106.79987530041
108.82999571313,107.2758365455,105.89652028423,105.54683447151,105.43027253394,107.07185315475
107.2758365455,105.89652028423,105.54683447151,105.43027253394,107.78093827498,106.37248152932
105.89652028423,105.54683447151,105.43027253394,107.78093827498,106.66388637325,107.2564095559
105.54683447151,105.43027253394,107.78093827498,106.66388637325,107.93635419174,105.66339640909
105.43027253394,107.78093827498,106.66388637325,107.93635419174,106.8387292796,106.57646492007
107.78093827498,106.66388637325,107.93635419174,106.8387292796,105.86737979984,105.53712097672
106.66388637325,107.93635419174,106.8387292796,105.86737979984,106.4210490033,101.88484693279
107.93635419174,106.8387292796,105.86737979984,106.4210490033,104.59491198134,102.96304485533
106.8387292796,105.86737979984,106.4210490033,104.59491198134,102.17625177672,102.44822963106
105.86737979984,106.4210490033,104.59491198134,102.17625177672,102.64249952701,103.42929260562
106.4210490033,104.59491198134,102.17625177672,102.64249952701,103.0893202877,102.23453274551
104.59491198134,102.17625177672,102.64249952701,103.0893202877,103.66241648077,102.89505039175
102.17625177672,102.64249952701,103.0893202877,103.66241648077,102.87562340215,103.29330367845
102.64249952701,103.0893202877,103.66241648077,102.87562340215,102.88533689695,102.49679710504
103.0893202877,103.66241648077,102.87562340215,102.88533689695,102.76877495938,101.61286907846
103.66241648077,102.87562340215,102.88533689695,102.76877495938,102.93390437094,100.98149191661
102.87562340215,102.88533689695,102.76877495938,102.93390437094,101.58372859406,98.990225483084
102.88533689695,102.76877495938,102.93390437094,101.58372859406,99.582748665742,99.310770811408
102.76877495938,102.93390437094,101.58372859406,99.582748665742,99.330197801003,98.504550743201
102.93390437094,101.58372859406,99.582748665742,99.330197801003,98.271426868057,98.407415795224
101.58372859406,99.582748665742,99.330197801003,98.271426868057,98.222859394068,97.892600570947
99.582748665742,99.330197801003,98.271426868057,98.222859394068,98.135437940889,99.456473233373
99.330197801003,98.271426868057,98.222859394068,98.135437940889,98.951371503894,99.437046243777
98.271426868057,98.222859394068,98.135437940889,98.951371503894,100.05870991083,97.698330674994
98.222859394068,98.135437940889,98.951371503894,100.05870991083,98.59197219638,97.63033621141
98.135437940889,98.951371503894,100.05870991083,98.59197219638,97.863460086554,94.852276699276
98.951371503894,100.05870991083,98.59197219638,97.863460086554,97.649763201006,94.08491061026
100.05870991083,98.59197219638,97.863460086554,97.649763201006,93.919781198699,94.41516943338
98.59197219638,97.863460086554,97.649763201006,93.919781198699,94.133478084248,93.298117531648
97.863460086554,97.649763201006,93.919781198699,94.133478084248,93.987775662283,91.28742410853
97.649763201006,93.919781198699,94.133478084248,93.987775662283,93.346685005636,93.638089849567
93.919781198699,94.133478084248,93.987775662283,93.346685005636,91.977082239165,93.550668396388
94.133478084248,93.987775662283,93.346685005636,91.977082239165,94.104337599855,93.24955005766
93.987775662283,93.346685005636,91.977082239165,94.104337599855,93.28840403685,96.008182580199
93.346685005636,91.977082239165,94.104337599855,93.28840403685,93.502100922399,93.900354209104
91.977082239165,94.104337599855,93.28840403685,93.502100922399,95.308810954766,92.297627567488
94.104337599855,93.28840403685,93.502100922399,95.308810954766,93.871213724711,91.491407499281
93.28840403685,93.502100922399,95.308810954766,93.871213724711,91.297137603327,91.102867707374
93.502100922399,95.308810954766,93.871213724711,91.297137603327,91.015446254195,93.171842099278
95.308810954766,93.871213724711,91.297137603327,91.015446254195,91.569115457662,91.588542447258
93.871213724711,91.297137603327,91.015446254195,91.569115457662,92.268487083095,90.461777050728
91.297137603327,91.015446254195,91.569115457662,92.268487083095,92.28791407269,93.754651787139
91.015446254195,91.569115457662,92.268487083095,92.28791407269,91.32627808772,93.113561130492
91.569115457662,92.268487083095,92.28791407269,91.32627808772,93.83235974552,91.784124545144
92.268487083095,92.28791407269,91.32627808772,93.83235974552,93.088425262365,92.189906990502
92.28791407269,91.32627808772,93.83235974552,93.088425262365,91.281727231844,93.204363103895
91.32627808772,93.83235974552,93.088425262365,91.281727231844,93.165717156719,91.581233322465
93.83235974552,93.088425262365,91.281727231844,93.165717156719,94.044912454993,90.615084643043
93.088425262365,91.281727231844,93.165717156719,94.044912454993,90.90492924687,92.788919171744
91.281727231844,93.165717156719,94.044912454993,90.90492924687,90.257609631657,96.547237534698
93.165717156719,94.044912454993,90.90492924687,90.257609631657,96.605206455463,98.083413934979
94.044912454993,90.90492924687,90.257609631657,96.605206455463,96.07382468178,95.291244251448
90.90492924687,90.257609631657,96.605206455463,96.07382468178,97.986799067037,93.774390824755
90.257609631657,96.605206455463,96.07382468178,97.986799067037,93.040117828394,91.880739413086
96.605206455463,96.07382468178,97.986799067037,93.040117828394,93.513530681311,95.078691541975
96.07382468178,97.986799067037,93.040117828394,93.513530681311,93.387931352986,92.943502960451
97.986799067037,93.040117828394,93.513530681311,93.387931352986,93.842021232314,94.643924636235
93.040117828394,93.513530681311,93.387931352986,93.842021232314,96.151116576134,96.924035519672
93.513530681311,93.387931352986,93.842021232314,96.151116576134,94.093219888964,97.14624971594
93.387931352986,93.842021232314,96.151116576134,94.093219888964,96.57622199508,95.619734802452
93.842021232314,96.151116576134,94.093219888964,96.57622199508,95.194629383506,95.213952357094
96.151116576134,94.093219888964,96.57622199508,95.194629383506,93.677775956812,95.339551685419
94.093219888964,96.57622199508,95.194629383506,93.677775956812,93.185040130307,97.155911202734
96.57622199508,95.194629383506,93.677775956812,93.185040130307,97.291172017853,102.17022284894
95.194629383506,93.677775956812,93.185040130307,97.291172017853,99.233130863492,99.13651599555
93.677775956812,93.185040130307,97.291172017853,99.233130863492,101.78376337717,103.38757018501
93.185040130307,97.291172017853,99.233130863492,101.78376337717,101.69680999602,104.9044236117
97.291172017853,99.233130863492,101.78376337717,101.69680999602,103.68707627563,103.33926275104
99.233130863492,101.78376337717,101.69680999602,103.68707627563,105.05900740041,103.94793641907
101.78376337717,101.69680999602,103.68707627563,105.05900740041,103.20400193592,105.31020605706
101.69680999602,103.68707627563,105.05900740041,103.20400193592,104.37304183802,103.63876884166
103.68707627563,105.05900740041,103.20400193592,104.37304183802,104.93340807209,103.76436816998
105.05900740041,103.20400193592,104.37304183802,104.93340807209,103.60012289448,103.64843032845
103.20400193592,104.37304183802,104.93340807209,103.60012289448,103.69673776242,105.22325267591
104.37304183802,104.93340807209,103.60012289448,103.69673776242,102.44074447918,108.22797506892
104.93340807209,103.60012289448,103.69673776242,102.44074447918,105.29088308347,107.31013382346
103.60012289448,103.69673776242,102.44074447918,105.29088308347,107.57099396691,108.15068317456
103.69673776242,102.44074447918,105.29088308347,107.57099396691,106.7497675894,108.38255885762
102.44074447918,105.29088308347,107.57099396691,106.7497675894,108.67240346145,111.29066638269
105.29088308347,107.57099396691,106.7497675894,108.67240346145,109.34870753705,112.1118927602
107.57099396691,106.7497675894,108.67240346145,109.34870753705,112.23749208852,113.65773064727
106.7497675894,108.67240346145,109.34870753705,112.23749208852,111.70611031484,113.54179280574
108.67240346145,109.34870753705,112.23749208852,111.70611031484,114.22775836813,114.9523698777
109.34870753705,112.23749208852,111.70611031484,114.22775836813,114.2760658021,111.38728125063
112.23749208852,111.70611031484,114.22775836813,114.2760658021,115.00067731167,112.6046285867
111.70611031484,114.22775836813,114.2760658021,115.00067731167,111.30032786948,113.08770292641
114.22775836813,114.2760658021,115.00067731167,111.30032786948,112.34376844326,114.73015568143
114.2760658021,115.00067731167,111.30032786948,112.34376844326,113.36788604344,113.99588268507
115.00067731167,111.30032786948,112.34376844326,113.36788604344,114.29538877569,114.2857272889
111.30032786948,112.34376844326,113.36788604344,114.29538877569,113.82197592277,115.17458407396
112.34376844326,113.36788604344,114.29538877569,113.82197592277,114.03452863225,113.35822455665
113.36788604344,114.29538877569,113.82197592277,114.03452863225,114.85575500976,115.23255299473
114.29538877569,113.82197592277,114.03452863225,114.85575500976,113.76400700201,115.16492258717
113.82197592277,114.03452863225,114.85575500976,113.76400700201,115.26153745511,113.65773064727
114.03452863225,114.85575500976,113.76400700201,115.26153745511,114.75914014181,111.84137112996
114.85575500976,113.76400700201,115.26153745511,114.75914014181,113.31957860947,111.02980623924
113.76400700201,115.26153745511,114.75914014181,113.31957860947,109.84144336355,107.60963991409
115.26153745511,114.75914014181,113.31957860947,109.84144336355,110.31002547307,111.30032786948
114.75914014181,113.31957860947,109.84144336355,110.31002547307,108.53714264633,112.32444546967
113.31957860947,109.84144336355,110.31002547307,108.53714264633,111.80272518278,112.4307218244
109.84144336355,110.31002547307,108.53714264633,111.80272518278,112.17952316775,112.9427806245
110.31002547307,108.53714264633,111.80272518278,112.17952316775,112.81718129617,116.86534426295
108.53714264633,111.80272518278,112.17952316775,112.81718129617,116.48854627798,117.01026656487
111.80272518278,112.17952316775,112.81718129617,116.48854627798,116.9619591309,117.72521658764
112.17952316775,112.81718129617,116.48854627798,116.9619591309,116.82669831578,118.45249805354
112.81718129617,116.48854627798,116.9619591309,116.82669831578,117.3654248561,116.20139072433
116.48854627798,116.9619591309,116.82669831578,117.3654248561,117.91377151321,115.31633997951
116.9619591309,116.82669831578,117.3654248561,117.91377151321,116.5765752792,116.39379306016
116.82669831578,117.3654248561,117.91377151321,116.5765752792,114.96039565823,114.19078631491
117.3654248561,117.91377151321,116.5765752792,114.96039565823,115.95126768775,112.48802564282
117.91377151321,116.5765752792,114.96039565823,115.95126768775,114.73913297203,111.01614777372
116.5765752792,114.96039565823,115.95126768775,114.73913297203,110.19843784645,113.59433907384
114.96039565823,115.95126768775,114.73913297203,110.19843784645,110.90070637222,112.26676295661
115.95126768775,114.73913297203,110.19843784645,110.90070637222,114.55635075299,109.98679527703
114.73913297203,110.19843784645,110.90070637222,114.55635075299,111.11234894164,109.66933142291
110.19843784645,110.90070637222,114.55635075299,111.11234894164,109.43844861992,107.11038035638
110.90070637222,114.55635075299,111.11234894164,109.43844861992,109.44806873671,106.59089404964
114.55635075299,111.11234894164,109.43844861992,109.44806873671,107.48556491125,107.5336654952
111.11234894164,109.43844861992,109.44806873671,107.48556491125,106.82177685263,106.71595556793
109.43844861992,109.44806873671,107.48556491125,106.82177685263,107.61062642954,107.06227977242
109.44806873671,107.48556491125,106.82177685263,107.61062642954,106.02330715894,106.61013428322
107.48556491125,106.82177685263,107.61062642954,106.02330715894,107.543285612,108.4475765904
106.82177685263,107.61062642954,106.02330715894,107.543285612,107.36050339296,105.82128470632
107.61062642954,106.02330715894,107.543285612,107.36050339296,107.86074946611,106.00406692536
106.02330715894,107.543285612,107.36050339296,107.86074946611,105.34027886675,107.49518502804
107.543285612,107.36050339296,107.86074946611,105.34027886675,106.57165381606,106.42735206418
107.36050339296,107.86074946611,105.34027886675,106.57165381606,107.081520006,105.70584330482
107.86074946611,105.34027886675,106.57165381606,107.081520006,106.57165381606,103.90688146481
105.34027886675,106.57165381606,107.081520006,106.57165381606,106.1868491444,104.92661384471
106.57165381606,107.081520006,106.57165381606,106.1868491444,105.41723980108,105.98482669178
107.081520006,106.57165381606,106.1868491444,105.41723980108,105.77318412236,108.54377775831
106.57165381606,106.1868491444,105.41723980108,105.77318412236,104.91699372792,109.52502967104
106.1868491444,105.41723980108,105.77318412236,104.91699372792,108.16859320344,112.01663992004
105.41723980108,105.77318412236,104.91699372792,108.16859320344,110.35235971511,108.94782266355
105.77318412236,104.91699372792,108.16859320344,110.35235971511,110.63134310206,109.31338710163
104.91699372792,108.16859320344,110.35235971511,110.63134310206,109.97717516024,109.07288418184
108.16859320344,110.35235971511,110.63134310206,109.97717516024,109.09212441542,109.35186756879
110.35235971511,110.63134310206,109.97717516024,109.09212441542,110.83336555468,107.94733051724
110.63134310206,109.97717516024,109.09212441542,110.83336555468,109.14022499938,111.2662708103
109.97717516024,109.09212441542,110.83336555468,109.14022499938,109.59237048858,111.833857701
109.09212441542,110.83336555468,109.14022499938,109.59237048858,111.98777956966,111.52601396367
110.83336555468,109.14022499938,109.59237048858,111.98777956966,111.86271805137,112.15132155512
109.14022499938,109.59237048858,111.98777956966,111.86271805137,110.9295667226,107.543285612
109.59237048858,111.98777956966,111.86271805137,110.9295667226,109.87135387553,106.08102785969
111.98777956966,111.86271805137,110.9295667226,109.87135387553,108.29365472173,109.43844861992
111.86271805137,110.9295667226,109.87135387553,108.29365472173,105.96558645819,107.40860397691
110.9295667226,109.87135387553,108.29365472173,105.96558645819,108.04353168515,104.8304126768
109.87135387553,108.29365472173,105.96558645819,108.04353168515,105.11901618054,108.2166937874
108.29365472173,105.96558645819,108.04353168515,105.11901618054,106.1772290276,105.82128470632
105.96558645819,108.04353168515,105.11901618054,106.1772290276,108.07239203553,105.99444680857
108.04353168515,105.11901618054,106.1772290276,108.07239203553,103.62789807786,107.87036958291
105.11901618054,106.1772290276,108.07239203553,103.62789807786,108.47643694077,107.90885005007
106.1772290276,108.07239203553,103.62789807786,108.47643694077,108.98630313072,107.9858109844
108.07239203553,103.62789807786,108.47643694077,108.98630313072,108.63035880943,103.0170206616
103.62789807786,108.47643694077,108.98630313072,108.63035880943,105.52306108578,106.88911767017
108.47643694077,108.98630313072,108.63035880943,105.52306108578,99.799091594851,91.266048000805
108.98630313072,108.63035880943,105.52306108578,99.799091594851,99.202644353779,106.23494972835
108.63035880943,105.52306108578,99.799091594851,99.202644353779,101.74235518673,109.74629235725
105.52306108578,99.799091594851,99.202644353779,101.74235518673,108.37061565606,111.68955594913
99.799091594851,99.202644353779,101.74235518673,108.37061565606,110.64096321885,112.00701980324
99.202644353779,101.74235518673,108.37061565606,110.64096321885,112.07436062078,111.63183524838
101.74235518673,108.37061565606,110.64096321885,112.07436062078,112.70928832902,109.97717516024
108.37061565606,110.64096321885,112.07436062078,112.70928832902,111.55487431404,111.63183524838
110.64096321885,112.07436062078,112.70928832902,111.55487431404,110.77564485393,108.25517425457
112.07436062078,112.70928832902,111.55487431404,110.77564485393,110.86222590506,113.33459592047
112.70928832902,111.55487431404,110.77564485393,110.86222590506,109.17870546655,112.10322097116
111.55487431404,110.77564485393,110.86222590506,109.17870546655,115.17203822764,110.22729819682
110.77564485393,110.86222590506,109.17870546655,115.17203822764,111.13158917522,111.56449443084
110.86222590506,109.17870546655,115.17203822764,111.13158917522,110.75640462035,108.1706519833
109.17870546655,115.17203822764,111.13158917522,110.75640462035,110.51698307988,112.45150912686
115.17203822764,111.13158917522,110.75640462035,110.51698307988,109.78914159686,116.35886866729
111.13158917522,110.75640462035,110.51698307988,109.78914159686,113.42834901197,117.41232344535
110.75640462035,110.51698307988,109.78914159686,113.42834901197,116.16733143492,117.14417132003
110.51698307988,109.78914159686,113.42834901197,116.16733143492,117.19205562812,117.93905083438
109.78914159686,113.42834901197,116.16733143492,117.19205562812,117.78582104848,118.15931865161
113.42834901197,116.16733143492,117.19205562812,117.78582104848,118.15931865161,117.88158966467
116.16733143492,117.19205562812,117.78582104848,118.15931865161,117.57513009287,120.01722980564
117.19205562812,117.78582104848,118.15931865161,117.57513009287,119.23192715291,120.85999362809
117.78582104848,118.15931865161,117.57513009287,119.23192715291,119.86400001974,116.82813488661
118.15931865161,117.57513009287,119.23192715291,119.86400001974,119.92146118945,127.22860660453
117.57513009287,119.23192715291,119.86400001974,119.92146118945,125.2174656646,125.42815662021
119.23192715291,119.86400001974,119.92146118945,125.2174656646,126.48161139827,123.61812977428
119.86400001974,119.92146118945,125.2174656646,126.48161139827,124.13528030169,122.33483031737
119.92146118945,125.2174656646,126.48161139827,124.13528030169,123.07224866201,120.40030427039
125.2174656646,126.48161139827,124.13528030169,123.07224866201,121.45375904845,120.70676384219
126.48161139827,124.13528030169,123.07224866201,121.45375904845,120.29495879258,119.7395008187
124.13528030169,123.07224866201,121.45375904845,120.29495879258,120.34284310068,116.78025057852
123.07224866201,121.45375904845,120.29495879258,120.34284310068,118.06355003542,118.60943114769
121.45375904845,120.29495879258,120.34284310068,118.06355003542,114.98937745582,119.21277342967
120.29495879258,120.34284310068,118.06355003542,114.98937745582,117.3835928605,120.56311091791
120.34284310068,118.06355003542,114.98937745582,117.3835928605,120.37157368553,119.65330906413
118.06355003542,114.98937745582,117.3835928605,120.37157368553,120.66845639571,121.08026144532
114.98937745582,117.3835928605,120.37157368553,120.66845639571,121.08983830694,121.5303739414
117.3835928605,120.37157368553,120.66845639571,121.08983830694,121.24306809284,120.25665134611
120.37157368553,120.66845639571,121.08983830694,121.24306809284,120.11778685264,120.1513058683
120.66845639571,121.08983830694,121.24306809284,120.11778685264,119.26065773776,122.26779228604
121.08983830694,121.24306809284,120.11778685264,119.26065773776,121.38672101712,123.40743881866
121.24306809284,120.11778685264,119.26065773776,121.38672101712,122.10498563852,121.82725665158
120.11778685264,119.26065773776,121.38672101712,122.10498563852,122.68917419726,122.08583191528
119.26065773776,121.38672101712,122.10498563852,122.68917419726,121.65487314244,122.0954087769
121.38672101712,122.10498563852,122.68917419726,121.65487314244,122.21033111633,122.30609973251
122.10498563852,122.68917419726,121.65487314244,122.21033111633,121.24306809284,121.84641037481
122.68917419726,121.65487314244,122.21033111633,121.24306809284,122.46890638003,122.31567659413
121.65487314244,122.21033111633,121.24306809284,122.46890638003,121.91344840615,121.65487314244
122.21033111633,121.24306809284,122.46890638003,121.91344840615,122.20075425471,120.7642250119
121.24306809284,122.46890638003,121.91344840615,122.20075425471,121.54952766463,122.7610006594
122.46890638003,121.91344840615,122.20075425471,121.54952766463,121.7889492051,123.71389839046
121.91344840615,122.20075425471,121.54952766463,121.7889492051,123.14886355496,122.50721382651
122.20075425471,121.54952766463,121.7889492051,123.14886355496,123.4265925419,121.33883670902
121.54952766463,121.7889492051,123.14886355496,123.4265925419,122.02837074557,123.44574626514
121.7889492051,123.14886355496,123.4265925419,122.02837074557,122.39229148708,124.02035796226
123.14886355496,123.4265925419,122.02837074557,122.39229148708,123.20632472467,124.09697285521
123.4265925419,122.02837074557,122.39229148708,123.20632472467,123.8862818996,125.13127391003
122.02837074557,122.39229148708,123.20632472467,123.8862818996,124.61412338262,124.36512498053
122.39229148708,123.20632472467,123.8862818996,124.61412338262,124.46089359672,125.64842443744
123.20632472467,123.8862818996,124.61412338262,124.46089359672,125.0115631398,125.6771550223
123.8862818996,124.61412338262,124.46089359672,125.0115631398,124.76735316852,126.28049730428
124.61412338262,124.46089359672,125.0115631398,124.76735316852,126.20388241133,124.82481433823
124.46089359672,125.0115631398,124.76735316852,126.20388241133,126.45766924422,126.98918506406
125.0115631398,124.76735316852,126.20388241133,126.45766924422,124.13528030169,126.03149890219
124.76735316852,126.20388241133,126.45766924422,124.13528030169,126.93172389435,124.56623907453
126.20388241133,126.45766924422,124.13528030169,126.93172389435,125.8303848082,124.4992010432
126.45766924422,124.13528030169,126.93172389435,125.8303848082,124.55666221291,125.16000449489
124.13528030169,126.93172389435,125.8303848082,124.55666221291,124.56623907453,122.94774946097
126.93172389435,125.8303848082,124.55666221291,124.56623907453,124.68116141395,123.60855291266
125.8303848082,124.55666221291,124.56623907453,124.68116141395,123.3212470641,122.01879388395
124.55666221291,124.56623907453,124.68116141395,123.3212470641,123.49363057323,120.81210931999
124.56623907453,124.68116141395,123.3212470641,123.49363057323,120.67803325733,120.28538193096
124.68116141395,123.3212470641,123.49363057323,120.67803325733,120.53916876386,121.99964016071
123.3212470641,123.49363057323,120.67803325733,120.53916876386,120.97491596751,121.31968298579
123.49363057323,120.67803325733,120.53916876386,120.97491596751,122.21990797794,119.49050241661
120.67803325733,120.53916876386,120.97491596751,122.21990797794,119.95976863593,120.70367561268
120.53916876386,120.97491596751,122.21990797794,119.95976863593,119.22539892811,122.22010137299
120.97491596751,122.21990797794,119.95976863593,119.22539892811,119.97884317379,123.50763267891
122.21990797794,119.95976863593,119.22539892811,119.97884317379,122.74465116429,120.26496124178
119.95976863593,119.22539892811,119.97884317379,122.74465116429,122.98308288761,121.60017889236
119.22539892811,119.97884317379,122.74465116429,122.98308288761,119.35892069317,124.13709242847
119.97884317379,122.74465116429,122.98308288761,119.35892069317,122.68742755069,128.23334943508
122.74465116429,122.98308288761,119.35892069317,122.68742755069,124.51858318578,126.187605249
122.98308288761,119.35892069317,122.68742755069,124.51858318578,126.51187239272,124.45182230325
119.35892069317,122.68742755069,124.51858318578,126.51187239272,124.25153965566,122.36316040698
122.68742755069,124.51858318578,126.51187239272,124.25153965566,123.66976625076,121.11377817679
124.51858318578,126.51187239272,124.25153965566,123.66976625076,122.66835301283,122.17241502832
126.51187239272,124.25153965566,123.66976625076,122.66835301283,121.03748002533,119.75948598834
124.25153965566,123.66976625076,122.66835301283,121.03748002533,121.69555158169,119.74041145048
123.66976625076,122.66835301283,121.03748002533,121.69555158169,118.97742993586,120.43663208257
122.66835301283,121.03748002533,121.69555158169,118.97742993586,120.33172212431,120.56061657869
121.03748002533,121.69555158169,118.97742993586,120.33172212431,120.9134955292,121.12331544572
121.69555158169,118.97742993586,120.33172212431,120.9134955292,120.45570662043,122.42992128951
118.97742993586,120.33172212431,120.9134955292,120.45570662043,120.98025641173,120.12190220779
120.33172212431,120.9134955292,120.45570662043,120.98025641173,121.21868813505,120.02652951846
120.9134955292,120.45570662043,120.98025641173,121.21868813505,120.70367561268,120.02652951846
120.45570662043,120.98025641173,121.21868813505,120.70367561268,119.78809779514,121.73370065742
120.98025641173,121.21868813505,120.70367561268,119.78809779514,120.17912582138,118.71038640574
121.21868813505,120.70367561268,119.78809779514,120.17912582138,121.45711985837,119.24447346597
120.70367561268,119.78809779514,120.17912582138,121.45711985837,119.52105426502,119.04419081839
119.78809779514,120.17912582138,121.45711985837,119.52105426502,118.50056648922,120.25542397284
120.17912582138,121.45711985837,119.52105426502,118.50056648922,118.67223733001,118.30982111057
121.45711985837,119.52105426502,118.50056648922,118.67223733001,120.52246750296,118.80575909507
119.52105426502,118.50056648922,118.67223733001,120.52246750296,117.54683959595,117.07951341824
118.50056648922,118.67223733001,120.52246750296,117.54683959595,118.49102922029,120.68460107482
118.67223733001,120.52246750296,117.54683959595,118.49102922029,117.67082409207,121.34267263118
120.52246750296,117.54683959595,118.49102922029,117.67082409207,120.82766010881,121.23776267292
117.54683959595,118.49102922029,117.67082409207,120.82766010881,121.32359809331,122.31547406231
118.49102922029,117.67082409207,120.82766010881,121.32359809331,120.07421586312,122.79233750895
117.67082409207,120.82766010881,121.32359809331,120.07421586312,121.59541025789,121.12331544572
120.82766010881,121.32359809331,120.07421586312,121.59541025789,122.52529397883,120.07421586312
121.32359809331,120.07421586312,121.59541025789,122.52529397883,121.16146452145,118.14768753871
120.07421586312,121.59541025789,122.52529397883,121.16146452145,119.16817531451,118.64362552321
121.59541025789,122.52529397883,121.16146452145,119.16817531451,117.87110673966,116.65033631627
122.52529397883,121.16146452145,119.16817531451,117.87110673966,118.69131186788,118.97742993586
121.16146452145,119.16817531451,117.87110673966,118.69131186788,116.58357543374,120.56061657869
119.16817531451,117.87110673966,118.69131186788,116.58357543374,118.74853548147,122.03889326326
117.87110673966,118.69131186788,116.58357543374,118.74853548147,121.25683721078,122.45853309631
118.69131186788,116.58357543374,118.74853548147,121.25683721078,120.74182468841,122.63020393709
116.58357543374,118.74853548147,121.25683721078,120.74182468841,120.56061657869,123.1261419216
118.74853548147,121.25683721078,120.74182468841,120.56061657869,122.59205486136,122.99262015654
121.25683721078,120.74182468841,120.56061657869,122.59205486136,123.37411091385,123.26920095559
120.74182468841,120.56061657869,122.59205486136,123.37411091385,123.11660465266,123.98449612554
120.56061657869,122.59205486136,123.37411091385,123.11660465266,122.5157567099,122.82571795022
122.59205486136,123.37411091385,123.11660465266,122.5157567099,124.38029278625,125.47231007905
123.37411091385,123.11660465266,122.5157567099,124.38029278625,122.83048658468,126.78845319177
123.11660465266,122.5157567099,124.38029278625,122.83048658468,126.05408348395,124.00357066341
122.5157567099,124.38029278625,122.83048658468,126.05408348395,126.84567680536,122.66835301283
124.38029278625,122.83048658468,126.05408348395,126.84567680536,123.50286404444,122.53483124777
122.83048658468,126.05408348395,126.84567680536,123.50286404444,122.50621944097,121.71939475402
126.05408348395,126.84567680536,123.50286404444,122.50621944097,122.75895706769,121.59064162343
126.84567680536,123.50286404444,122.50621944097,122.75895706769,121.91490876714,121.39035897584
123.50286404444,122.50621944097,122.75895706769,121.91490876714,121.19961359718,120.22681216605
122.50621944097,122.75895706769,121.91490876714,121.19961359718,120.60830292335,117.08905068718
122.75895706769,121.91490876714,121.19961359718,120.60830292335,119.10141443198,114.60936076467
121.91490876714,121.19961359718,120.60830292335,119.10141443198,116.37375551722,113.06432319756
121.19961359718,120.60830292335,119.10141443198,116.37375551722,114.18018366269,114.46630173067
120.60830292335,119.10141443198,116.37375551722,114.18018366269,113.42673941701,114.46630173067
119.10141443198,116.37375551722,114.18018366269,113.42673941701,114.39000357921,112.5754955912
116.37375551722,114.18018366269,113.42673941701,114.39000357921,113.58250002434,112.5754955912
114.18018366269,113.42673941701,114.39000357921,113.58250002434,112.71799621853,112.14799370921
113.42673941701,114.39000357921,113.58250002434,112.71799621853,112.69899613489,112.48049517298
114.39000357921,113.58250002434,112.71799621853,112.69899613489,111.30248998705,110.504486474
113.58250002434,112.71799621853,112.69899613489,111.30248998705,112.95549726408,111.74424193177
112.71799621853,112.69899613489,111.30248998705,112.95549726408,109.54498224997,106.7994701634
112.69899613489,111.30248998705,112.95549726408,109.54498224997,103.68345644577,108.05347568391
111.30248998705,112.95549726408,109.54498224997,103.68345644577,107.4454730073,106.68546966154
112.95549726408,109.54498224997,103.68345644577,107.4454730073,107.33147250543,104.74746112984
109.54498224997,103.68345644577,107.4454730073,107.33147250543,106.78047007976,103.50295565115
103.68345644577,107.4454730073,107.33147250543,106.78047007976,104.07295816047,102.4484510089
107.4454730073,107.33147250543,106.78047007976,104.07295816047,103.28445468924,101.67894762132
107.33147250543,106.78047007976,104.07295816047,103.28445468924,100.69094327183,104.50046004247
106.78047007976,104.07295816047,103.28445468924,100.69094327183,101.47944674306,103.58845602755
104.07295816047,103.28445468924,100.69094327183,101.47944674306,104.31045920603,105.85896602302
103.28445468924,100.69094327183,101.47944674306,104.31045920603,104.70946096255,106.9704709162
100.69094327183,101.47944674306,104.31045920603,104.70946096255,103.78795690581,107.03697120895
101.47944674306,104.31045920603,104.70946096255,103.78795690581,106.4099684487,103.76895682217
104.31045920603,104.70946096255,103.78795690581,106.4099684487,106.29596794683,101.84044833229
104.70946096255,103.78795690581,106.4099684487,106.29596794683,102.36295063251,101.21344557204
103.78795690581,106.4099684487,106.29596794683,102.36295063251,100.94744440102,102.8759528909
106.4099684487,106.29596794683,102.36295063251,100.94744440102,100.9379443592,105.82096585573
106.29596794683,102.36295063251,100.94744440102,100.9379443592,103.86395724039,107.17947183628
102.36295063251,100.94744440102,100.9379443592,103.86395724039,104.8614616317,107.95847526569
100.94744440102,100.9379443592,103.86395724039,104.8614616317,106.89447058162,108.10097589302
100.9379443592,103.86395724039,104.8614616317,106.89447058162,108.21497639488,106.4954688251
103.86395724039,104.8614616317,106.89447058162,108.21497639488,108.29097672946,106.95147083255
104.8614616317,106.89447058162,108.21497639488,108.29097672946,106.4099684487,107.56897355099
106.89447058162,108.21497639488,108.29097672946,106.4099684487,106.91347066526,106.55246907603
108.21497639488,108.29097672946,106.4099684487,106.91347066526,107.29347233815,106.64746949425
108.29097672946,106.4099684487,106.91347066526,107.29347233815,106.19146748679,106.27696786319
106.4099684487,106.91347066526,107.29347233815,106.19146748679,107.01797112531,101.76444799772
106.91347066526,107.29347233815,106.19146748679,107.01797112531,103.93995757497,101.05194486106
107.29347233815,106.19146748679,107.01797112531,103.93995757497,101.40819642939,105.16546297001
106.19146748679,107.01797112531,103.93995757497,101.40819642939,102.81420261905,104.93746196628
107.01797112531,103.93995757497,101.40819642939,102.81420261905,104.24395891327,106.64746949425
103.93995757497,101.40819642939,102.81420261905,104.24395891327,106.03946681764,108.68997848599
101.40819642939,102.81420261905,104.24395891327,106.03946681764,106.35296819776,104.68096083708
102.81420261905,104.24395891327,106.03946681764,106.35296819776,108.41447727315,108.3954771895
104.24395891327,106.03946681764,106.35296819776,108.41447727315,106.78047007976,110.19098509387
106.03946681764,106.35296819776,108.41447727315,106.78047007976,109.25048095349,109.98198417378
106.35296819776,108.41447727315,106.78047007976,109.25048095349,109.71598300277,109.96298409014
108.41447727315,106.78047007976,109.25048095349,109.71598300277,110.13398484294,107.82547468018
106.78047007976,109.25048095349,109.71598300277,110.13398484294,108.89897940607,112.86999688769
109.25048095349,109.71598300277,110.13398484294,108.89897940607,109.31698124624,113.3069988115
109.71598300277,110.13398484294,108.89897940607,109.31698124624,112.98399738955,112.04349324917
110.13398484294,108.89897940607,109.31698124624,112.98399738955,113.0504976823,113.11699797506
108.89897940607,109.31698124624,112.98399738955,113.0504976823,111.72049182722,111.00798869057
109.31698124624,112.98399738955,113.0504976823,111.72049182722,112.69424611398,111.63499145082
112.98399738955,113.0504976823,111.72049182722,112.69424611398,110.64698710133,109.16498057709
113.0504976823,111.72049182722,112.69424611398,110.64698710133,110.49498643217,109.66848279366
111.72049182722,112.69424611398,110.64698710133,110.49498643217,108.93697957336,108.24347652035
112.69424611398,110.64698710133,110.49498643217,108.93697957336,109.69698291912,108.55697790048
110.64698710133,110.49498643217,108.93697957336,109.69698291912,108.29097672946,107.49297321641
110.49498643217,108.93697957336,109.69698291912,108.29097672946,108.47147752408,106.21046757043
108.93697957336,109.69698291912,108.29097672946,108.47147752408,107.17947183628,103.9114574495
109.69698291912,108.29097672946,108.47147752408,107.17947183628,105.68796527022,103.2654546056
108.29097672946,108.47147752408,107.17947183628,105.68796527022,104.2154587878,103.56945594391
108.47147752408,107.17947183628,105.68796527022,104.2154587878,103.38895514929,103.31295481471
107.17947183628,105.68796527022,104.2154587878,103.38895514929,103.55995590208,103.17045418738
105.68796527022,104.2154587878,103.38895514929,103.55995590208,103.2654546056,103.19924061071
104.2154587878,103.38895514929,103.55995590208,103.2654546056,102.97222119965,103.44517830602
103.38895514929,103.55995590208,103.2654546056,102.97222119965,102.72628350433,102.36683610349
103.55995590208,103.2654546056,102.97222119965,102.72628350433,103.48301487453,102.16819411881
103.2654546056,102.97222119965,102.72628350433,103.48301487453,102.15873497669,101.17403828122
102.97222119965,102.72628350433,103.48301487453,102.15873497669,101.19390247968,100.88175078948
102.72628350433,103.48301487453,102.15873497669,101.19390247968,101.53443159627,99.699358023544
103.48301487453,102.15873497669,101.19390247968,101.53443159627,100.96688306863,99.179105206533
102.15873497669,101.19390247968,101.53443159627,100.96688306863,99.425042901847,99.49125689674
101.19390247968,101.53443159627,100.96688306863,99.425042901847,99.52909346525,98.450751262718
101.53443159627,100.96688306863,99.425042901847,99.52909346525,99.160186922278,97.277817638911
100.96688306863,99.425042901847,99.52909346525,99.160186922278,97.419704770824,97.448082197206
99.425042901847,99.52909346525,99.160186922278,97.419704770824,96.927829380195,92.997555826231
99.52909346525,99.160186922278,97.419704770824,96.927829380195,94.36440186365,92.226635742842
99.160186922278,97.419704770824,96.927829380195,94.36440186365,92.387441159009,90.382103027985
97.419704770824,96.927829380195,94.36440186365,92.387441159009,91.053702119036,92.671215422833
96.927829380195,94.36440186365,92.387441159009,91.053702119036,92.264472311352,94.960327817681
94.36440186365,92.387441159009,91.053702119036,92.264472311352,93.409028508776,95.849487177663
92.387441159009,91.053702119036,92.264472311352,93.409028508776,94.411697574288,95.244102081505
91.053702119036,92.264472311352,93.409028508776,94.411697574288,95.281938650015,96.04812916234
92.264472311352,93.409028508776,94.411697574288,95.281938650015,95.556253771712,93.418487650903
93.409028508776,94.411697574288,95.281938650015,95.556253771712,95.348152644907,94.052250173444
94.411697574288,95.281938650015,95.556253771712,95.348152644907,93.409028508776,94.544125564072
95.281938650015,95.556253771712,95.348152644907,93.409028508776,94.231973873866,94.061709315571
95.556253771712,95.348152644907,93.409028508776,94.231973873866,94.231973873866,93.900903899404
95.348152644907,93.409028508776,94.231973873866,94.231973873866,94.496829853435,95.149510660231
93.409028508776,94.231973873866,94.231973873866,94.496829853435,93.815771620257,95.357611787035
94.231973873866,94.231973873866,94.496829853435,93.815771620257,95.30085693427,93.314437087501
94.231973873866,94.496829853435,93.815771620257,95.30085693427,94.695471838112,93.200927381971
94.496829853435,93.815771620257,95.30085693427,94.695471838112,95.30085693427,95.073837523211
93.815771620257,95.30085693427,94.695471838112,95.30085693427,92.576624001558,96.634595974243
95.30085693427,94.695471838112,95.30085693427,92.576624001558,96.246771147017,95.158969802358
94.695471838112,95.30085693427,92.576624001558,96.246771147017,97.088634796362,96.294066857654
95.30085693427,92.576624001558,96.246771147017,97.088634796362,95.594090340222,96.757564821901
92.576624001558,96.246771147017,97.088634796362,95.594090340222,95.499498918947,96.417035705312
96.246771147017,97.088634796362,95.594090340222,95.499498918947,96.284607715527,95.792732324899
97.088634796362,95.594090340222,95.499498918947,96.284607715527,96.08596573085,94.40223843216
95.594090340222,95.499498918947,96.284607715527,96.08596573085,95.404907497672,97.249440212529
95.499498918947,96.284607715527,96.08596573085,95.404907497672,96.133261441487,95.735977472134
96.284607715527,96.08596573085,95.404907497672,96.133261441487,96.16163886787,94.979246101936
96.08596573085,95.404907497672,96.133261441487,96.16163886787,95.944078598938,92.709051991343
95.404907497672,96.133261441487,96.16163886787,95.944078598938,95.537335487457,93.721180198982
96.133261441487,96.16163886787,95.944078598938,95.537335487457,92.690133707088,93.929281325787
96.16163886787,95.944078598938,95.537335487457,92.690133707088,93.040121965804,93.456324219413
95.944078598938,95.537335487457,92.690133707088,93.040121965804,93.61712963558,93.503619930051
95.537335487457,92.690133707088,93.040121965804,93.61712963558,92.813102554745,97.523755334226
92.690133707088,93.040121965804,93.61712963558,92.813102554745,93.588752209198,97.485918765716
93.040121965804,93.61712963558,92.813102554745,93.588752209198,97.712938176775,97.296735923166
93.61712963558,92.813102554745,93.588752209198,97.712938176775,96.956206806577,96.095424872978
92.813102554745,93.588752209198,97.712938176775,96.956206806577,96.719728253391,95.556253771712
93.588752209198,97.712938176775,96.956206806577,96.719728253391,96.606218547861,95.934619456811
97.712938176775,96.956206806577,96.719728253391,96.606218547861,95.432339009842,96.284607715527
96.956206806577,96.719728253391,96.606218547861,95.432339009842,96.04812916234,94.865736396406
96.719728253391,96.606218547861,95.432339009842,96.04812916234,95.840028035536,95.130592375976
96.606218547861,95.432339009842,96.04812916234,95.840028035536,95.140051518103,95.007623528318
95.432339009842,96.04812916234,95.840028035536,95.140051518103,95.130592375976,94.033331889189
96.04812916234,95.840028035536,95.140051518103,95.130592375976,95.092755807466,93.163090813462
95.840028035536,95.140051518103,95.130592375976,95.092755807466,93.796853336002,92.605001427941
95.140051518103,95.130592375976,95.092755807466,93.796853336002,92.680674564961,92.065830326675
95.130592375976,95.092755807466,93.796853336002,92.680674564961,92.226635742842,90.949651555633
95.092755807466,93.796853336002,92.680674564961,92.226635742842,91.980698047528,90.845600992231
93.796853336002,92.680674564961,92.226635742842,91.980698047528,90.779386997339,90.117247048416
92.680674564961,92.226635742842,91.980698047528,90.779386997339,90.798305281594,89.161873693541
92.226635742842,91.980698047528,90.779386997339,90.798305281594,89.61591251566,89.795636216082
91.980698047528,90.779386997339,90.798305281594,89.61591251566,89.369974820346,89.181728427886
90.779386997339,90.798305281594,89.61591251566,89.369974820346,89.379387139969,89.755879924889
90.798305281594,89.61591251566,89.369974820346,89.379387139969,89.529984253937,90.706524206811
89.61591251566,89.369974820346,89.379387139969,89.529984253937,89.972363276217,89.322913222231
89.369974820346,89.379387139969,89.529984253937,89.972363276217,90.480628535859,91.450097457028
89.379387139969,89.529984253937,89.972363276217,90.480628535859,89.98177559584,92.654874368771
89.529984253937,89.972363276217,90.480628535859,89.98177559584,92.381917099704,93.492570815218
89.972363276217,90.480628535859,89.98177559584,92.381917099704,92.598400451033,92.071310552146
90.480628535859,89.98177559584,92.381917099704,92.598400451033,93.200788906905,91.158315548715
89.98177559584,92.381917099704,92.598400451033,93.200788906905,91.931066989763,91.33244346174
92.381917099704,92.598400451033,93.200788906905,91.931066989763,91.327737301929,89.812353842627
92.598400451033,93.200788906905,91.931066989763,91.327737301929,91.478334415897,89.115842190525
93.200788906905,91.931066989763,91.327737301929,91.478334415897,89.153491469017,89.407624098838
91.931066989763,91.327737301929,91.478334415897,89.153491469017,88.418389306461,88.118136310487
91.327737301929,91.478334415897,89.153491469017,88.418389306461,88.88053419995,89.44527337733
91.478334415897,89.153491469017,88.418389306461,88.88053419995,87.619189247272,91.271263384191
89.153491469017,88.418389306461,88.88053419995,87.619189247272,89.209965386755,91.1112539506
88.418389306461,88.88053419995,87.619189247272,89.209965386755,89.718230646397,90.226495906038
88.88053419995,87.619189247272,89.209965386755,89.718230646397,90.781822763795,89.755879924889
87.619189247272,89.209965386755,89.718230646397,90.781822763795,89.624107450167,88.249908785209
89.209965386755,89.718230646397,90.781822763795,89.624107450167,89.449979537141,89.831178481873
89.718230646397,90.781822763795,89.624107450167,89.449979537141,89.784116883758,90.612401010581
90.781822763795,89.624107450167,89.449979537141,89.784116883758,89.746467605266,88.607576930883
89.624107450167,89.449979537141,89.784116883758,89.746467605266,90.328148957967,88.165197908602
89.449979537141,89.784116883758,89.746467605266,90.328148957967,88.50404141503,88.348738141251
89.784116883758,89.746467605266,90.328148957967,88.50404141503,87.986363835765,88.024013114257
89.746467605266,90.328148957967,88.50404141503,87.986363835765,88.024013114257,86.687463727792
90.328148957967,88.50404141503,87.986363835765,88.024013114257,87.468686256501,85.482686816048
88.50404141503,87.986363835765,88.024013114257,87.468686256501,86.574515892316,85.059132433014
87.986363835765,88.024013114257,87.468686256501,86.574515892316,85.557985373032,84.908535319046
88.024013114257,87.468686256501,86.574515892316,85.557985373032,85.049720113391,85.416800578687
87.468686256501,86.574515892316,85.557985373032,85.049720113391,84.974421556407,85.953302797198
86.574515892316,85.557985373032,85.049720113391,84.974421556407,85.492099135671,86.452155737217
85.557985373032,85.049720113391,84.974421556407,85.492099135671,85.567397692655,86.866297800629
85.049720113391,84.974421556407,85.492099135671,85.567397692655,86.46156805684,86.847473161383
84.974421556407,85.492099135671,85.567397692655,86.46156805684,86.762762284776,86.885122439875
85.492099135671,85.567397692655,86.46156805684,86.762762284776,86.668639088546,86.132136870035
85.567397692655,86.46156805684,86.762762284776,86.668639088546,86.781586924022,86.781586924022
86.46156805684,86.762762284776,86.668639088546,86.781586924022,85.915653518706,88.513453734653
86.762762284776,86.668639088546,86.781586924022,85.915653518706,86.866297800629,88.59816461126
86.668639088546,86.781586924022,85.915653518706,86.866297800629,88.344031981439,89.16290378864
86.781586924022,85.915653518706,86.866297800629,88.344031981439,88.711112446736,87.252202905172
85.915653518706,86.866297800629,88.344031981439,88.711112446736,88.193434867471,87.386664614072
86.866297800629,88.344031981439,88.711112446736,88.193434867471,86.804445414535,86.889156291142
88.344031981439,88.711112446736,88.193434867471,86.804445414535,87.043787256377,85.711271721178
88.711112446736,88.193434867471,86.804445414535,87.043787256377,86.70359913286,84.503805575257
88.193434867471,86.804445414535,87.043787256377,86.70359913286,85.724717892068,85.243344974207
86.804445414535,87.043787256377,86.70359913286,85.724717892068,84.529353299948,85.783881043984
87.043787256377,86.70359913286,85.724717892068,84.529353299948,85.114261733663,84.421783932828
86.70359913286,85.724717892068,84.529353299948,85.114261733663,85.434280600844,84.175719005541
85.724717892068,84.529353299948,85.114261733663,85.434280600844,83.905450970652,82.812277277296
84.529353299948,85.114261733663,85.434280600844,83.905450970652,84.12327893907,81.651872729489
85.114261733663,85.434280600844,83.905450970652,84.12327893907,82.576969286721,81.564472618704
85.434280600844,83.905450970652,84.12327893907,82.576969286721,81.654561963667,81.192013685051
83.905450970652,84.12327893907,82.576969286721,81.654561963667,81.525478723123,81.283447647103
84.12327893907,82.576969286721,81.654561963667,81.525478723123,81.310339988883,80.38793266583
82.576969286721,81.654561963667,81.525478723123,81.310339988883,81.294204583815,79.148195709772
81.654561963667,81.525478723123,81.310339988883,81.294204583815,80.342215684804,79.964378282795
81.525478723123,81.310339988883,81.294204583815,80.342215684804,79.173743434463,79.659150203592
81.310339988883,81.294204583815,80.342215684804,79.173743434463,79.852775064408,79.601331668765
81.294204583815,80.342215684804,79.173743434463,79.852775064408,79.837984276429,78.994909361626
80.342215684804,79.173743434463,79.852775064408,79.837984276429,79.712934887152,78.598247320371
79.173743434463,79.852775064408,79.837984276429,79.712934887152,78.733045183544,79.09710026039
79.852775064408,79.837984276429,79.712934887152,78.733045183544,79.062140216076,79.592982958361
79.837984276429,79.712934887152,78.733045183544,79.062140216076,79.202539430031,80.468806626361
79.712934887152,78.733045183544,79.062140216076,79.202539430031,79.480663587197,78.909706783783
78.733045183544,79.062140216076,79.202539430031,79.480663587197,80.356487255198,79.203876565402
79.062140216076,79.202539430031,79.480663587197,80.356487255198,79.235967814305,79.158413962788
79.202539430031,79.480663587197,80.356487255198,79.235967814305,79.088882923496,79.243990626531
79.480663587197,80.356487255198,79.235967814305,79.088882923496,78.903021106928,79.391075517341
80.356487255198,79.235967814305,79.088882923496,78.903021106928,79.202539430031,76.591114050481
79.235967814305,79.088882923496,78.903021106928,79.202539430031,79.437875255325,75.48530309867
79.088882923496,78.903021106928,79.202539430031,79.437875255325,76.476120408576,75.977368915195
78.903021106928,79.202539430031,79.437875255325,76.476120408576,75.918534958872,70.742483937758
79.202539430031,79.437875255325,76.476120408576,75.918534958872,70.16617859286,70.642198784933
79.437875255325,76.476120408576,75.918534958872,70.16617859286,71.095353962163,70.245069579748
76.476120408576,75.918534958872,70.16617859286,71.095353962163,71.024619501037,69.531039291638
75.918534958872,70.16617859286,71.095353962163,71.024619501037,70.191584164908,69.270297894294
70.16617859286,71.095353962163,71.024619501037,70.191584164908,69.39866288991,69.567141946655
71.095353962163,71.024619501037,70.191584164908,69.39866288991,69.258250304602,69.785095012127
71.024619501037,70.191584164908,69.39866288991,69.258250304602,69.755678033965,69.397325754539
70.191584164908,69.39866288991,69.258250304602,69.755678033965,69.478891012169,70.959099867858
69.39866288991,69.258250304602,69.755678033965,69.478891012169,69.996362400744,69.88404302958
69.258250304602,69.755678033965,69.478891012169,69.996362400744,70.910962994503,70.225012549183
69.755678033965,69.478891012169,69.996362400744,70.910962994503,69.99101385926,70.603421859174
69.478891012169,69.996362400744,70.910962994503,69.99101385926,69.995025265373,72.179904461575
69.996362400744,70.910962994503,69.99101385926,69.995025265373,71.111533300152,72.391171850192
70.910962994503,69.99101385926,69.995025265373,71.111533300152,72.043516653734,72.52354825192
69.99101385926,69.995025265373,71.111533300152,72.043516653734,72.546279553227,71.905791710522
69.995025265373,71.111533300152,72.043516653734,72.546279553227,72.425937369838,72.102350610058
71.111533300152,72.043516653734,72.546279553227,72.425937369838,71.76940390268,71.980671291297
72.043516653734,72.546279553227,72.425937369838,71.76940390268,71.785449527132,72.20731573668
72.546279553227,72.425937369838,71.76940390268,71.785449527132,71.865677649392,73.077122295511
72.425937369838,71.76940390268,71.785449527132,71.865677649392,72.175893055462,72.405880339273
71.76940390268,71.785449527132,71.865677649392,72.175893055462,72.87254058375,71.994042645007
71.785449527132,71.865677649392,72.175893055462,72.87254058375,72.097002068574,71.126241789233
71.865677649392,72.175893055462,72.87254058375,72.097002068574,71.251932514106,70.85346617355
72.175893055462,72.87254058375,72.097002068574,71.251932514106,70.694347064402,71.170367256475
72.87254058375,72.097002068574,71.251932514106,70.694347064402,71.036653719376,70.319949160524
72.097002068574,71.251932514106,70.694347064402,71.036653719376,71.05537361457,70.560633527303
71.251932514106,70.694347064402,71.036653719376,71.05537361457,70.432268531687,70.706381282741
70.694347064402,71.036653719376,71.05537361457,70.432268531687,70.158155780634,71.86300337865
71.036653719376,71.05537361457,70.432268531687,70.158155780634,70.955088461746,71.471222714949
71.05537361457,70.432268531687,70.158155780634,70.955088461746,71.752021142857,71.596913439822
70.432268531687,70.158155780634,70.955088461746,71.752021142857,71.682490103566,70.648884461788
70.158155780634,70.955088461746,71.752021142857,71.682490103566,70.991191116762,71.013922418069
70.955088461746,71.752021142857,71.682490103566,70.991191116762,70.927008618955,71.241235431138
71.752021142857,71.682490103566,70.991191116762,70.927008618955,70.968459815455,70.991191116762
71.682490103566,70.991191116762,70.927008618955,70.968459815455,71.183738610185,71.00188819973
70.991191116762,70.927008618955,70.968459815455,71.183738610185,71.033979448634,69.988339588518
70.927008618955,70.968459815455,71.183738610185,71.033979448634,70.568656339529,70.7451582085
70.968459815455,71.183738610185,71.033979448634,70.568656339529,70.365411763138,69.148618575534
71.183738610185,71.033979448634,70.568656339529,70.365411763138,70.55662212119,70.013745160566
71.033979448634,70.568656339529,70.365411763138,70.55662212119,69.176698418325,70.785272269629
70.568656339529,70.365411763138,70.55662212119,69.176698418325,69.806489178062,69.952236933501
70.365411763138,70.55662212119,69.176698418325,69.806489178062,70.540576496738,71.241596457688
70.55662212119,69.176698418325,69.806489178062,70.540576496738,70.233035361409,71.267978138558
69.176698418325,69.806489178062,70.540576496738,70.233035361409,71.021945230295,72.840449334846
69.806489178062,70.540576496738,70.233035361409,71.021945230295,71.853643431053,73.00759125622
70.540576496738,70.233035361409,71.021945230295,71.853643431053,73.006254120849,72.535582470259
70.233035361409,71.021945230295,71.853643431053,73.006254120849,72.73882704665,71.491279745514
71.021945230295,71.853643431053,73.006254120849,72.73882704665,72.797661002974,71.797483745471
71.853643431053,73.006254120849,72.73882704665,72.797661002974,71.659758802259,70.949739920262
73.006254120849,72.73882704665,72.797661002974,71.659758802259,71.665107343743,69.351863151925
72.73882704665,72.797661002974,71.659758802259,71.665107343743,70.733123990161,69.715563972835
72.797661002974,71.659758802259,71.665107343743,70.733123990161,69.488250959766,68.201926732871
71.659758802259,71.665107343743,70.733123990161,69.488250959766,68.529524898764,67.33322238482
71.665107343743,70.733123990161,69.488250959766,68.529524898764,68.134745069163,67.23884740872
70.733123990161,69.488250959766,68.529524898764,68.134745069163,67.629639563275,66.808178503701
69.488250959766,68.529524898764,68.134745069163,67.629639563275,66.664622202027,65.820564317189
68.529524898764,68.134745069163,67.629639563275,66.664622202027,66.541004275586,66.798873928592
68.134745069163,67.629639563275,66.664622202027,66.541004275586,66.432273669319,66.986294655777
67.629639563275,66.664622202027,66.541004275586,66.432273669319,66.560942650819,67.625651888229
66.664622202027,66.541004275586,66.432273669319,66.560942650819,67.325247034727,73.116680427231
66.541004275586,66.432273669319,66.560942650819,67.325247034727,73.173837102897,73.63906585832
66.432273669319,66.560942650819,67.325247034727,73.173837102897,72.584990421034,73.09940050203
66.560942650819,67.325247034727,73.173837102897,72.584990421034,73.928836911697,73.22896006429
67.325247034727,73.173837102897,72.584990421034,73.928836911697,73.308088829462,71.909744113163
73.173837102897,72.584990421034,73.928836911697,73.308088829462,72.983757925682,73.304101154415
72.584990421034,73.928836911697,73.308088829462,72.983757925682,71.867208912667,73.758696109714
73.928836911697,73.308088829462,72.983757925682,71.867208912667,73.672296483707,73.575263057576
73.308088829462,72.983757925682,71.867208912667,73.672296483707,74.085685463525,71.541548783872
72.983757925682,71.867208912667,73.672296483707,74.085685463525,72.627525621529,70.436962795997
71.867208912667,73.672296483707,74.085685463525,72.627525621529,71.210571755014,71.755554011366
73.672296483707,74.085685463525,72.627525621529,71.210571755014,70.839717975691,72.682023847165
74.085685463525,72.627525621529,71.210571755014,70.839717975691,71.315447608736,71.619973059786
72.627525621529,71.210571755014,70.839717975691,71.315447608736,72.23806269199,72.352376043322
71.210571755014,70.839717975691,71.315447608736,72.23806269199,71.783135430437,71.439198457679
70.839717975691,71.315447608736,72.23806269199,71.783135430437,72.300536267718,73.487534206554
71.315447608736,72.23806269199,71.783135430437,72.300536267718,71.908414888148,73.862375660923
72.23806269199,71.783135430437,72.300536267718,71.908414888148,73.523423281972,73.661662683583
